<?xml version="1.0" encoding="UTF-8" ?>
<!DOCTYPE log4j:configuration SYSTEM "log4j.dtd">

<log4j:configuration xmlns:log4j="http://jakarta.apache.org/log4j/">

	<appender name="stdout" class="org.apache.log4j.ConsoleAppender">
		<layout class="org.apache.log4j.PatternLayout">
			<param name="ConversionPattern" 
			value="[%c{2}] - '%m'%n" />
		</layout>
	</appender>
	
	<appender name="commonlogfile" class="org.apache.log4j.RollingFileAppender">
		<param name="File" value="C:\\Users\\MB78198\\cpgestora\\logs\\PracticajaToCMP.log"/>
		<param name="MaxFileSize" value="10240KB"/>
		<param name="MaxBackupIndex" value="9"/>
		 <param name="Threshold" value="DEBUG"/> 
		<layout class="org.apache.log4j.PatternLayout">
			<param name="ConversionPattern"
				value="%d- %5p- %c{2} -(%F:%L)-%m%n" />
			<!--value="%d{ABSOLUTE} %5p %c{2} >> '%m'%n" />-->
		</layout>
	</appender>
	<appender name="ALERTAS" class="org.apache.log4j.RollingFileAppender">
        <param name="File" value="C:\\Users\\MB78198\\cpgestora\\logs\\ErrorPracToCMP.log"/>
        <param name="MaxFileSize" value="5120KB"/>
        <param name="MaxBackupIndex" value="9"/>
         <param name="Threshold" value="DEBUG"/>
        <layout class="org.apache.log4j.PatternLayout">
            <param name="ConversionPattern"
                value="|%d{yyyy-MM-dd HH:mm:ss} |WEB SERVICE|%m%n" />
        </layout>
 	</appender>
	
	<category name="bancomer">
		<priority value="debug" />
		<appender-ref ref="commonlogfile" />
	</category>
	
	<category name="alertas">
		<priority value="error" />
		<appender-ref ref="ALERTAS" />
	</category>
	
	<root>
		<priority value="error" />
		<appender-ref ref="stdout"/>
	</root>

</log4j:configuration>
